#SampleID	BarcodeSequence
#q2:types	categorical
PCR_Blank_1	AGCCTTCGTCGC
MS006	TCCATACCGGAA
MS013	AGCCCTGCTACA
OG.H1	CCTAACGGTCCA
MS019	CGCGCCTTAAAC
OG.H5	TATGGTACCCAG
OG.H6	TACAATATCTGT
MS008	AATTTAGGTAGG
OG.H26	GACTCAACCAGT
OG.E3	GCCTCTACGTCG
CFS016	ACTACTGAGGAT
MS010	AATTCACCTCCT
OG.H3	CGTATAAATGCG
MS014	ATGCTGCAACAC
MS009	ACTCGCTCGCTG
OG.H2	TTCCTTAGTAGT
HC018	CGTCCGTATGAA
OG.D4	ACGTGAGGAACG
CFS022	GGTTGCCCTGTA
OG.H17	CATATAGCCCGA
CFS023	GCCTATGAGATC
OG.E6	CAAGTGAAGGGA
MS015	CACGTTTATTCC
OG.F16	TAATCGGTGCCA
OG.F10	TGACTAATGGCC
OG.F12	CGGGACACCCGA
OG.H9	CTGTCTATACTA
OG.D14	TATGCCAGAGAT
OG.A2	CGTTTGGAATGA
CD014-06	AAGAACTCATGA
OG.D18	TGATATCGTCTT
OG.D9	CGGTGACCTACT
HC016	AATGCGCGTATA
OG.F8	CTTGATTCTTGA
CD014-07	GAAATCTTGAAG
OG.B3	GAGATACAGTTC
OG.A23	GTGGAGTCTCAT
OG.F1	ACCTTACACCTT
OG.A27	TAATCTCGCCGG
OG.C11	ATCTAGTGGCAA
HC012	ACGCTTAACGAC
HC009	TACGGATTATGG
PCR_Blank_2	ATACATGCAAGA
HC013	CTTAGTGCAGAA
CFS019	AATCTTGCGCCG
OG.L2	AGGATCAGGGAA
OG.I11	AATAACTAGGGT
HC011	TATTGCAGCAGC
OG.M1	TGATGTGCTAAG
HC005	GTAGTAGACCAT
HC014	AGTAAAGATCGT
OG.B21	CTCGCCCTCGCC
HC021B	TCTCTTTCGACA
OG.A3	ACATACTGAGCA
OG.B2	GTTGATACGATG
HC022A	GTCAACGCTGTC
OG.H23	TGAGACCCTACA
HC006	ACTTGGTGTAAG
OG.C8	ATTACGTATCAT
OG.C29	CACGCAGTCTAC
HC004	TGTGCACGCCAT
HC017	CCGGACAAGAAG
OG.A13	TTGCTGGACGCT
HC010	TACTAACGCGGT
CES014	GCGATCACACCT
OG.J2	CAAACGCACTAA
OG.H14	GAAGAGGGTTGA
OG.D7	TGAGTGGTCTGT
HC007	TTACACAAAGGC
OG.I10	ACGACGCATTTG
HC020	TATCCAAGCGCA
OG.D13	AGAGCCAAGAGC
OG.I1	GGTGAGCAAGCA
OG.B24	TAAATATACCCT
OG.I7	TTGCGGACCCTA
OG.A7	GTCGTCCAAATG
OG.A12	TGCACAGTCGCT
OG.C25	TTACTGTGGCCG
HC019	GGTTCATGAACA
MS017	TAACAATAATTC
OG.C1	CTTATTAAACGT
OG.K1	GCTCGAAGATTC
HC002	TATTTGATTGGT
OG.B27	TGTCAAAGTGAC
OG.L1	CTATGTATTAGT
OG.B9	ACTCCCGTGTGA
MS021	CGGTATAGCAAT
OG.K2	GACTCTGCTCAG
HC015	GTCATGCTCCAG
CFS018	TACCGAAGGTAT
OG.C20	TGAGTATGAGTA
OG.A11	AATGGTTCAGCA
OG.E1	GAACCAGTACTC
OG.C16	CGCACCCATACA
OG.J4	GTGCCATAATCG
PCR_Blank_3	ACTCTTACTTAG
PCR_Blank_4	CTACAGGGTCTC
MO.285	CTTGGAGGCTTA
MO.286	TATCATATTACG
MO.287	CTATATTATCCG
MO.299	ACCGAACAATCC
MO.300	ACGGTACCCTAC
OG.B7	TGAGTCATTGAG
OG.F4	ACCTACTTGTCT
OG.F18	ACTGTGACGTCC
OG.E5	CTCTGAGGTAAC
OG.C12	CATGTCTTCCAT
OG.F3	AACAGTAAACAA
OG.F5	GTTCATTAAACT
OG.F15	GTGCCGGCCGAC
HC008	CCTTGACCGATG
OG.I3	CAAACTGCGTTG
OG.C3	TCGAGAGTTTGC
OG.N1	CGACACGGAGAA
OG.C15	TCCACAGGGTTC
CD014-04	GGAGAACGACAC
OG.A16	CCTACCATTGTT
OG.B16	TCCGGCGGGCAA
HC003	TAATCCATAATC
OG.I8	CCTCCGTCATGG
OG.J3	TTCGATGCCGCA
OG.B12	AGAGGGTGATCG
OG.F13	AGCTCTAGAAAC
OG.I9	CTGACACGAATA
HC001	GCTGCCCACCTA
OG.A9	GCGTTTGCTAGC
OG.L3	AGATCGTGCCTA
OG.C10	AATTAATATGTA
OG.F7	CATTTCGCACTT
OG.D5	ACATGATATTCT
OG.B13	GCAACGAACGAG
OG.A5	AGATGTCCGTCA
OG.C4	TCGTTATTCAGT
OG.D1	GGATACTCGCAT
CD014-05	AATGTTCAACTT
CD014-02	AGCAGTGCGGTG
OG.A1	GCATATGCACTG
OG.B17	CCGGCGACAGAA
OG.G1	CCTCACTAGCGA
OG.A21	CTAATCAGAGTG
OG.L4	CTACTCCACGAG
CD014-03	TAAGGCATCGCT
OG.J1	AGCGCGGCGAAT
OG.C19	TAGCAGTTGCGT
OG.F9	ACTCTGTAATTA
OG.E10	TCATGGCCTCCG
OG.J5	CAATCATAGGTG
OG.F2	GTTGGACGAAGG
OG.A33	GTCACTCCGAAC
OG.B10	CGTTCTGGTGGT
OG.D2	TAGTTCGGTGAC
OG.B1	TTAATGGATCGG
CD010-01	TCAAGTCCGCAC
CD014-01	CACACAAAGTCA
OG.D6	GTCAGGTGCGGC
CFS017	TTGAACAAGCCA
OG.E9	ATATGTTCTCAA
Mock.A.062424	ATGTGCTGCTCG
Mock.B.062424	CCGATAAAGGTT
Mock.C.062524	CAGGAACCAGGA
Mock.D.062724	GCATAAACGACT
Mock.E.062724	ATCGTAGTGGTC
Mock.F.062724	ACTAAAGCAAAC
Mock.G.071624	TAGGAACTCACC
Mock.H.071624	GTCCGTCCTGGT
Mock.I.071824	CGAGGCGAGTCA
Mock.J.072324	TTCCAATACTCA
PCR_Blank_5	AACTCAATAGCG
