SampleID	BarcodeSequence
#q2:types	categorical
3.2_0217_D14_DSS	TCCATACCGGAA
3.1_0221_D18_DSS	AGCCCTGCTACA
4.2_0224_D21_DSS	CCTAACGGTCCA
3.3_0224_D21_DSS	CGCGCCTTAAAC
4.3_0224_D21_DSS	TATGGTACCCAG
3.3_0228_D25_DSS	TACAATATCTGT
2.1_0217_D14_DSS	AATTTAGGTAGG
1.3_0217_D14_DSS	GACTCAACCAGT
3.1_0217_D14_DSS	GCCTCTACGTCG
4.3_0218_D15_DSS	ACTACTGAGGAT
1.2_0228_D25_DSS	AATTCACCTCCT
2.1_0305_D30_DSS	CGTATAAATGCG
4.2_0305_D30_DSS	ATGCTGCAACAC
CFS025	ACTCGCTCGCTG
3.1_0228_D25_DSS	TTCCTTAGTAGT
2.3_0305_D30_DSS	CGTCCGTATGAA
4.3_0217_D14_DSS	ACGTGAGGAACG
4.2_0221_D18_DSS	GGTTGCCCTGTA
4.3_0221_D18_DSS	CATATAGCCCGA
3.2_0224_D21_DSS	GCCTATGAGATC
2.2_0228_D25_DSS	CAAGTGAAGGGA
MS034	CACGTTTATTCC
4.3_0228_D25_DSS	TAATCGGTGCCA
1.1_0218_D15_DSS	TGACTAATGGCC
4.1_0218_D15_DSS	CGGGACACCCGA
4.2_0218_D15_DSS	CTGTCTATACTA
4.1_0305_D30_DSS	TATGCCAGAGAT
1.2_0218_D15_DSS	CGTTTGGAATGA
1.2_0224_D21_DSS	AAGAACTCATGA
2.1_0228_D25_DSS	TGATATCGTCTT
1.2_0305_D30_DSS	CGGTGACCTACT
CFS032	AATGCGCGTATA
1.3_0218_D15_DSS	CTTGATTCTTGA
1.1_0228_D25_DSS	GAAATCTTGAAG
4.1_0228_D25_DSS	GAGATACAGTTC
MS025	GTGGAGTCTCAT
1.1_0305_D30_DSS	ACCTTACACCTT
CFS024	TAATCTCGCCGG
CFS029	ATCTAGTGGCAA
1.2_0217_D14_DSS	ACGCTTAACGAC
2.1_0218_D15_DSS	ATACATGCAAGA
2.3_0218_D15_DSS	CTTAGTGCAGAA
1.2_0221_D18_DSS	AATCTTGCGCCG
MS020	AGGATCAGGGAA
2.1_0310_D35_DSS	AATAACTAGGGT
4.2_0228_D25_DSS	TATTGCAGCAGC
MS024	TGATGTGCTAAG
MS027	GTAGTAGACCAT
MS022	AGTAAAGATCGT
1.1_0221_D18_DSS	CTCGCCCTCGCC
2.2_0217_D14_DSS	TCTCTTTCGACA
4.1_0224_D21_DSS	ACATACTGAGCA
CFS026	GTTGATACGATG
CFS035	GTCAACGCTGTC
2.1_0224_D21_DSS	TGAGACCCTACA
2.2_0305_D30_DSS	ACTTGGTGTAAG
MS028	ATTACGTATCAT
1.2_0310_D35_DSS	CACGCAGTCTAC
2.3_0217_D14_DSS	TGTGCACGCCAT
1.3_0221_D18_DSS	CCGGACAAGAAG
2.2_0221_D18_DSS	TTGCTGGACGCT
4.3_0305_D30_DSS	TACTAACGCGGT
3.1_0310_D35_DSS	GCGATCACACCT
CFS036	CAAACGCACTAA
CFS033	GAAGAGGGTTGA
2.3_0228_D25_DSS	TGAGTGGTCTGT
MS032	TTACACAAAGGC
1.1_0310_D35_DSS	ACGACGCATTTG
1.3_0228_D25_DSS	TATCCAAGCGCA
PCRBlank3	AGAGCCAAGAGC
2.2_0310_D35_DSS	CTTGGAGGCTTA
MS016	TATCATATTACG
CFS034	CTATATTATCCG
2.3_0310_D35_DSS	ACCGAACAATCC
CD016-07	ACGGTACCCTAC
CD016-05	TGAGTCATTGAG
4.1_0217_D14_DSS	ACCTACTTGTCT
2.2_0224_D21_DSS	ACTGTGACGTCC
4.1_0221_D18_DSS	CTCTGAGGTAAC
FS010.N.eye	CATGTCTTCCAT
2.3_0221_D18_DSS	AACAGTAAACAA
CD016-04	GTTCATTAAACT
FS006	GTGCCGGCCGAC
3.3_0221_D18_DSS	CCTTGACCGATG
CD016-02	CAAACTGCGTTG
CD016-06	TCGAGAGTTTGC
3.1_0305_D30_DSS	CGACACGGAGAA
3.2_0221_D18_DSS	TCCACAGGGTTC
2.1_0221_D18_DSS	GGAGAACGACAC
3.2_0228_D25_DSS	CCTACCATTGTT
4.2_0217_D14_DSS	TCCGGCGGGCAA
3.3_0218_D15_DSS	TAATCCATAATC
3.1_0218_D15_DSS	CCTCCGTCATGG
2.3_0224_D21_DSS	TTCGATGCCGCA
CD016-01	AGAGGGTGATCG
3.2_0218_D15_DSS	AGCTCTAGAAAC
4.2_0310_D35_DSS	CTGACACGAATA
3.1_0224_D21_DSS	GCTGCCCACCTA
4.3_0310_D35_DSS	GCGTTTGCTAGC
CFS038	AGATCGTGCCTA
1.3_0310_D35_DSS	AATTAATATGTA
1.1_0224_D21_DSS	CATTTCGCACTT
3.2_0310_D35_DSS	ACATGATATTCT
1.1_0217_D14_DSS	GCAACGAACGAG
4.1_0310_D35_DSS	AGATGTCCGTCA
1.3_0224_D21_DSS	TCGTTATTCAGT
2.2_0218_D15_DSS	GGATACTCGCAT
3.3_0310_D35_DSS	AATGTTCAACTT
CD016-03	AGCAGTGCGGTG
FS010.N.ear	GCATATGCACTG
1.3_0305_D30_DSS	CCTCACTAGCGA
3.2_0305_D30_DSS	CTAATCAGAGTG
3.3_0305_D30_DSS	CTACTCCACGAG
FS009	TAAGGCATCGCT
FS010.C.ear	AGCGCGGCGAAT
CFS031	TAGCAGTTGCGT
1.3_0203_D0_DSS	ACTCTGTAATTA
3.2_0203_D0_DSS	TCATGGCCTCCG
3.3_0203_D0_DSS	CAATCATAGGTG
CFS037	GTTGGACGAAGG
3.3_0217_D14_DSS	GTCACTCCGAAC
2.3_0203_D0_DSS	CGTTCTGGTGGT
4.2_0203_D0_DSS	TAGTTCGGTGAC
1.1_0203_D0_DSS	TTAATGGATCGG
1.2_0203_D0_DSS	TCAAGTCCGCAC
2.1_0203_D0_DSS	CACACAAAGTCA
4.1_0203_D0_DSS	GTCAGGTGCGGC
3.1_0203_D0_DSS	TTGAACAAGCCA
2.2_0203_D0_DSS	ATATGTTCTCAA
4.3_0203_D0_DSS	CAGGAACCAGGA
FS010.N.ear.post	TCAGACCAACTG
