SampleID	BarcodeSequence	LinkerPrimerSequence	PID	SEQ	Time_Point	Study	DNA_Conc	Amp_Conc	Ext_Date	Extraction_Location	Ext_By	Plate	Well
#q2:types	categorical	categorical	categorical	categorical	numeric	categorical	categorical	numeric	categorical	categorical	categorical	numeric	categorical
CD016-07	ACGGTACCCTAC	GTGYCAGCMGCCGCGGTAA	CD016-07	SEQ111	7	CD	37.1	100.123	4/2/25	BSC	MK	2	A06
CD016-05	TGAGTCATTGAG	GTGYCAGCMGCCGCGGTAA	CD016-05	SEQ111	5	CD	35.7	90.227	4/2/25	BSC	MK	2	A07
CD016-04	GTTCATTAAACT	GTGYCAGCMGCCGCGGTAA	CD016-04	SEQ111	4	CD	26	97.378	4/2/25	BSC	MK	2	B01
CD016-02	CAAACTGCGTTG	GTGYCAGCMGCCGCGGTAA	CD016-02	SEQ111	2	CD	24	89.271	4/2/25	BSC	MK	2	B04
CD016-06	TCGAGAGTTTGC	GTGYCAGCMGCCGCGGTAA	CD016-06	SEQ111	6	CD	23.6	94.309	4/2/25	BSC	MK	2	B05
CD016-01	AGAGGGTGATCG	GTGYCAGCMGCCGCGGTAA	CD016-01	SEQ111	1	CD	13.7	92.123	4/2/25	BSC	MK	2	C02
CD016-03	AGCAGTGCGGTG	GTGYCAGCMGCCGCGGTAA	CD016-03	SEQ111	3	CD	7.3	94.055	4/2/25	BSC	MK	2	D04
CFS035	GTCAACGCTGTC	GTGYCAGCMGCCGCGGTAA	CFS035	SEQ111	1	CFS	48.8	123.649	4/2/25	BSC	MK	1	E08
CFS036	CAAACGCACTAA	GTGYCAGCMGCCGCGGTAA	CFS036	SEQ111	1	CFS	45.5	145.622	4/2/25	BSC	MK	1	F06
CFS038	AGATCGTGCCTA	GTGYCAGCMGCCGCGGTAA	CFS038	SEQ111	1	CFS	12	95.434	4/2/25	BSC	MK	2	C07
CFS025	ACTCGCTCGCTG	GTGYCAGCMGCCGCGGTAA	CFS025	SEQ111	1	CFS	57	127.957	4/8/25	BSC	MK	1	B03
CFS032	AATGCGCGTATA	GTGYCAGCMGCCGCGGTAA	CFS032	SEQ111	1	CFS	53	131.537	4/8/25	BSC	MK	1	C09
CFS024	TAATCTCGCCGG	GTGYCAGCMGCCGCGGTAA	CFS024	SEQ111	1	CFS	52	133.496	4/8/25	BSC	MK	1	D03
CFS029	ATCTAGTGGCAA	GTGYCAGCMGCCGCGGTAA	CFS029	SEQ111	1	CFS	52	125.603	4/8/25	BSC	MK	1	D04
CFS026	GTTGATACGATG	GTGYCAGCMGCCGCGGTAA	CFS026	SEQ111	1	CFS	49.1	116.125	4/8/25	BSC	MK	1	E07
CFS033	GAAGAGGGTTGA	GTGYCAGCMGCCGCGGTAA	CFS033	SEQ111	1	CFS	45.2	147.345	4/8/25	BSC	MK	1	F07
CFS034	CTATATTATCCG	GTGYCAGCMGCCGCGGTAA	CFS034	SEQ111	1	CFS	39.5	109.136	4/8/25	BSC	MK	2	A04
CFS031	TAGCAGTTGCGT	GTGYCAGCMGCCGCGGTAA	CFS031	SEQ111	1	CFS	1	83.02	4/8/25	BSC	MK	2	D12
CFS037	GTTGGACGAAGG	GTGYCAGCMGCCGCGGTAA	CFS037	SEQ111	1	CFS	0.3	75.178	4/8/25	BSC	MK	2	E04
FS006	GTGCCGGCCGAC	GTGYCAGCMGCCGCGGTAA	FS006	SEQ111	1	FS	24.9	101.76	4/8/25	BSC	MK	2	B02
FS009	TAAGGCATCGCT	GTGYCAGCMGCCGCGGTAA	FS009	SEQ111	1	FS	1.5	85.518	4/8/25	BSC	MK	2	D10
CFS027	CGTTCTGGTGGT	GTGYCAGCMGCCGCGGTAA	CFS027	SEQ112	1	FS	45.2	93.148	5/14/25	BSC	CP	2	E06
FS007	GTTGGACGAAGG	GTGYCAGCMGCCGCGGTAA	FS007	SEQ112	1	FS	5.7	107.597	5/14/25	BSC	CP	2	E04
HC021	GTCACTCCGAAC	GTGYCAGCMGCCGCGGTAA	HC021	SEQ112	1	FS	58	101.615	5/14/25	BSC	CP	2	E05
CFS006	CGTCCGTATGAA	GTGYCAGCMGCCGCGGTAA	CFS006	SEQ053	1	CFS	54	123.97	4/7/23	BSC	MK	1	A01
CFS011	CGTTTGGAATGA	GTGYCAGCMGCCGCGGTAA	CFS011	SEQ053	1	CFS	53	145.12	4/7/23	BSC	MK	1	A02
CFS013	ACGCTTAACGAC	GTGYCAGCMGCCGCGGTAA	CFS013	SEQ053	1	CFS	52	133.22	4/7/23	BSC	MK	1	A03
CFS003	TCTCTTTCGACA	GTGYCAGCMGCCGCGGTAA	CFS003	SEQ053	1	CFS	46.9	124.19	4/11/23	BSC	MK	1	A04
CFS004	GCGATCACACCT	GTGYCAGCMGCCGCGGTAA	CFS004	SEQ053	1	CFS	40.1	133.44	4/11/23	BSC	MK	1	A05
CFS002	TGCACAGTCGCT	GTGYCAGCMGCCGCGGTAA	CFS002	SEQ053	1	CFS	37.3	128.84	4/11/23	BSC	MK	1	A06
CFS001	GTCATGCTCCAG	GTGYCAGCMGCCGCGGTAA	CFS001	SEQ053	1	CFS	19.4	119.48	4/11/23	BSC	MK	1	A07
CFS008	CAAACGCACTAA	GTGYCAGCMGCCGCGGTAA	CFS008	SEQ053	1	CFS	18.5	128.03	4/11/23	BSC	MK	1	A08
CFS009	ACGTGAGGAACG	GTGYCAGCMGCCGCGGTAA	CFS009	SEQ053	1	CFS	3.1	109.61	4/11/23	BSC	MK	1	A09
CD001-01	CGGTATAGCAAT	GTGYCAGCMGCCGCGGTAA	CD001	SEQ057	1	CD	0.8	124.96	5/31/23	BSC	MK	1	C08
CD001-02	TTGCTGGACGCT	GTGYCAGCMGCCGCGGTAA	CD001	SEQ057	2	CD	1.2	141.22	5/31/23	BSC	MK	1	C06
CD001-03	ACTCCCGTGTGA	GTGYCAGCMGCCGCGGTAA	CD001	SEQ057	3	CD	20.3	138.61	5/31/23	BSC	MK	1	B08
CD001-04	ACTCGCTCGCTG	GTGYCAGCMGCCGCGGTAA	CD001	SEQ057	4	CD	6.9	146.23	5/31/23	BSC	MK	1	C02
CD001-05	TTGCGGACCCTA	GTGYCAGCMGCCGCGGTAA	CD001	SEQ057	5	CD	1	119.54	5/31/23	BSC	MK	1	C07
CD001-06	TCTCTTTCGACA	GTGYCAGCMGCCGCGGTAA	CD001	SEQ057	6	CD	0.6	103.83	5/31/23	BSC	MK	1	C09
CD001-07	TAAATATACCCT	GTGYCAGCMGCCGCGGTAA	CD001	SEQ057	7	CD	20.3	8.64	5/31/23	BSC	MK	1	B07
CD002-01	TGCACAGTCGCT	GTGYCAGCMGCCGCGGTAA	CD002	SEQ057	1	CD	0.3	14.77	5/31/23	BSC	MK	1	C11
CD002-03	TATGCCAGAGAT	GTGYCAGCMGCCGCGGTAA	CD002	SEQ057	3	CD	BDL	8.19	5/31/23	BSC	MK	1	D03
CD002-04	CGTTTGGAATGA	GTGYCAGCMGCCGCGGTAA	CD002	SEQ057	4	CD	9.7	113.41	5/31/23	BSC	MK	1	B11
CD002-05	TTCCTTAGTAGT	GTGYCAGCMGCCGCGGTAA	CD002	SEQ057	5	CD	0.1	9.47	5/31/23	BSC	MK	1	D02
CD002-06	AGTAAAGATCGT	GTGYCAGCMGCCGCGGTAA	CD002	SEQ057	6	CD	2.1	145.09	5/31/23	BSC	MK	1	C05
CD002-07	ATCTAGTGGCAA	GTGYCAGCMGCCGCGGTAA	CD002	SEQ057	7	CD	BDL	11.56	5/31/23	BSC	MK	1	D04
CD003-01	ATGCTGCAACAC	GTGYCAGCMGCCGCGGTAA	CD003	SEQ057	1	CD	54	140.59	5/31/23	BSC	MK	1	B02
CD003-02	AGCCCTGCTACA	GTGYCAGCMGCCGCGGTAA	CD003	SEQ057	2	CD	9.4	124.45	5/31/23	BSC	MK	1	C01
CD003-03	CGCGCCTTAAAC	GTGYCAGCMGCCGCGGTAA	CD003	SEQ057	3	CD	14.1	128.12	5/31/23	BSC	MK	1	B09
CD003-04	CGGGACACCCGA	GTGYCAGCMGCCGCGGTAA	CD003	SEQ057	4	CD	44.6	138.08	5/31/23	BSC	MK	1	B03
CD003-05	GTAGTAGACCAT	GTGYCAGCMGCCGCGGTAA	CD003	SEQ057	5	CD	25.5	131.57	5/31/23	BSC	MK	1	B05
CD003-06	CTGTCTATACTA	GTGYCAGCMGCCGCGGTAA	CD003	SEQ057	6	CD	6.6	138.61	5/31/23	BSC	MK	1	C03
CD003-07	CGTCCGTATGAA	GTGYCAGCMGCCGCGGTAA	CD003	SEQ057	7	CD	10.4	119.97	5/31/23	BSC	MK	1	B10
CD006-01	CCGGACAAGAAG	GTGYCAGCMGCCGCGGTAA	CD006	SEQ057	1	CD	25.3	144.78	5/31/23	BSC	MK	1	B06
CD006-02	GTCATGCTCCAG	GTGYCAGCMGCCGCGGTAA	CD006	SEQ057	2	CD	0.2	112.29	5/31/23	BSC	MK	1	C12
CD006-03	TCCATACCGGAA	GTGYCAGCMGCCGCGGTAA	CD006	SEQ057	3	CD	59	140.98	5/31/23	BSC	MK	1	B01
CD006-04	ACCTTACACCTT	GTGYCAGCMGCCGCGGTAA	CD006	SEQ057	4	CD	37.3	128.33	5/31/23	BSC	MK	1	B04
CD006-05	CCTAACGGTCCA	GTGYCAGCMGCCGCGGTAA	CD006	SEQ057	5	CD	0.2	112.12	5/31/23	BSC	MK	1	D01
CD006-06	TAATCTCGCCGG	GTGYCAGCMGCCGCGGTAA	CD006	SEQ057	6	CD	2.9	114.56	5/31/23	BSC	MK	1	C04
CD006-07	GCGATCACACCT	GTGYCAGCMGCCGCGGTAA	CD006	SEQ057	7	CD	0.3	113.73	5/31/23	BSC	MK	1	C10
CFS015	ACGCTTAACGAC	GTGYCAGCMGCCGCGGTAA	CFS015	SEQ057	1	CFS	9.4	139.42	5/31/23	BSC	MK	1	B12
HC001	GCTGCCCACCTA	GTGYCAGCMGCCGCGGTAA	HC001	SEQ094	1	HC	2.7	121.97	7/16/24	BSC	LT	2	C05
HC002	TATTTGATTGGT	GTGYCAGCMGCCGCGGTAA	HC002	SEQ094	1	HC	7.2	113.55	7/16/24	BSC	LT	1	G11
HC003	TAATCCATAATC	GTGYCAGCMGCCGCGGTAA	HC003	SEQ094	1	HC	3.3	110.6	7/16/24	BSC	LT	2	B11
HC004	TGTGCACGCCAT	GTGYCAGCMGCCGCGGTAA	HC004	SEQ094	1	HC	9	105.87	7/16/24	BSC	LT	1	F01
HC005	GTAGTAGACCAT	GTGYCAGCMGCCGCGGTAA	HC005	SEQ094	1	HC	9.6	98.11	7/16/24	BSC	LT	1	E02
HC006	ACTTGGTGTAAG	GTGYCAGCMGCCGCGGTAA	HC006	SEQ094	1	HC	9.1	96.64	7/16/24	BSC	LT	1	E10
HC007	TTACACAAAGGC	GTGYCAGCMGCCGCGGTAA	HC007	SEQ094	1	HC	8.3	88.74	7/16/24	BSC	LT	1	F09
HC008	CCTTGACCGATG	GTGYCAGCMGCCGCGGTAA	HC008	SEQ094	1	HC	4.1	123.66	7/16/24	BSC	LT	2	B03
HC010	TACTAACGCGGT	GTGYCAGCMGCCGCGGTAA	HC010	SEQ094	1	HC	8.6	97.97	7/16/24	BSC	LT	1	F04
HC011	TATTGCAGCAGC	GTGYCAGCMGCCGCGGTAA	HC011	SEQ094	1	HC	9.8	88.39	7/16/24	BSC	LT	1	D12
HC012	ACGCTTAACGAC	GTGYCAGCMGCCGCGGTAA	HC012	SEQ094	1	HC	10.2	101.3	7/16/24	BSC	LT	1	D05
HC013	CTTAGTGCAGAA	GTGYCAGCMGCCGCGGTAA	HC013	SEQ094	1	HC	10	98.18	7/16/24	BSC	LT	1	D08
HC014	AGTAAAGATCGT	GTGYCAGCMGCCGCGGTAA	HC014	SEQ094	1	HC	9.6	97.24	7/16/24	BSC	LT	1	E03
HC015	GTCATGCTCCAG	GTGYCAGCMGCCGCGGTAA	HC015	SEQ094	1	HC	6.5	94.47	7/16/24	BSC	LT	1	H05
HC017	CCGGACAAGAAG	GTGYCAGCMGCCGCGGTAA	HC017	SEQ094	1	HC	9	93.55	7/16/24	BSC	LT	1	F02
HC020	TATCCAAGCGCA	GTGYCAGCMGCCGCGGTAA	HC020	SEQ094	1	HC	8.3	100.48	7/16/24	BSC	LT	1	F11
HC021B	TCTCTTTCGACA	GTGYCAGCMGCCGCGGTAA	HC021B	SEQ094	1	FS	9.5	111.09	7/16/24	BSC	LT	1	E05
HC022A	GTCAACGCTGTC	GTGYCAGCMGCCGCGGTAA	HC022A	SEQ094	1	FS	9.1	112.78	7/16/24	BSC	LT	1	E08
CD010-01	TCAAGTCCGCAC	GTGYCAGCMGCCGCGGTAA	CD010	SEQ094	1	CD	0.3	102.11	7/16/24	BSC	LT	2	E09
CD014-01	CACACAAAGTCA	GTGYCAGCMGCCGCGGTAA	CD014	SEQ094	1	CD	0.1	104.96	7/16/24	BSC	LT	2	E10
CD014-02	AGCAGTGCGGTG	GTGYCAGCMGCCGCGGTAA	CD014	SEQ094	2	CD	2	128.39	7/16/24	BSC	LT	2	D04
CD014-03	TAAGGCATCGCT	GTGYCAGCMGCCGCGGTAA	CD014	SEQ094	3	CD	1.3	107.67	7/16/24	BSC	LT	2	D10
CD014-04	GGAGAACGACAC	GTGYCAGCMGCCGCGGTAA	CD014	SEQ094	4	CD	3.5	110.42	7/16/24	BSC	LT	2	B08
CD014-05	AATGTTCAACTT	GTGYCAGCMGCCGCGGTAA	CD014	SEQ094	5	CD	2.3	125.86	7/16/24	BSC	LT	2	D03
CD014-06	AAGAACTCATGA	GTGYCAGCMGCCGCGGTAA	CD014	SEQ094	6	CD	13.4	117.05	7/16/24	BSC	LT	1	C06
CD014-07	GAAATCTTGAAG	GTGYCAGCMGCCGCGGTAA	CD014	SEQ094	7	CD	11.6	104.27	7/16/24	BSC	LT	1	C11
CFS014	GCGATCACACCT	GTGYCAGCMGCCGCGGTAA	CFS014	SEQ094	1	CFS	8.6	117.34	7/16/24	BSC	LT	1	F05
CFS016	ACTACTGAGGAT	GTGYCAGCMGCCGCGGTAA	CFS016	SEQ094	1	CFS	41.3	102.96	7/16/24	BSC	LT	1	A11
CFS017	TTGAACAAGCCA	GTGYCAGCMGCCGCGGTAA	CFS017	SEQ094	1	CFS	0.1	61.23	7/16/24	BSC	LT	2	E12
CFS018	TACCGAAGGTAT	GTGYCAGCMGCCGCGGTAA	CFS018	SEQ094	1	CFS	6.3	111.63	7/16/24	BSC	LT	1	H06
CFS019	AATCTTGCGCCG	GTGYCAGCMGCCGCGGTAA	CFS019	SEQ094	1	CFS	10	93.59	7/16/24	BSC	LT	1	D09
CFS022	GGTTGCCCTGTA	GTGYCAGCMGCCGCGGTAA	CFS022	SEQ094	1	CFS	20.5	111.12	7/16/24	BSC	LT	1	B07
CFS023	GCCTATGAGATC	GTGYCAGCMGCCGCGGTAA	CFS023	SEQ094	1	CFS	19.3	103.24	7/16/24	BSC	LT	1	B09
HC009	TACGGATTATGG	GTGYCAGCMGCCGCGGTAA	HC009	SEQ094	1	HC	10.2	116.97	7/18/24	BSC	LT	1	D06
HC016	AATGCGCGTATA	GTGYCAGCMGCCGCGGTAA	HC016	SEQ094	1	HC	13.1	107.1	7/18/24	BSC	LT	1	C09
HC018	CGTCCGTATGAA	GTGYCAGCMGCCGCGGTAA	HC018	SEQ094	1	HC	23.9	99.8	7/18/24	BSC	LT	1	B05
HC019	GGTTCATGAACA	GTGYCAGCMGCCGCGGTAA	HC019	SEQ094	1	HC	7.6	113.74	7/18/24	BSC	LT	1	G07
